{"cameraMode":{"drawMode":0,"name":"Shaded","section":"Shading Mode"},"sceneLighting":true,"audioPlay":false,"sceneViewState":{"m_AlwaysRefresh":false,"showFog":true,"showSkybox":true,"showFlares":true,"showImageEffects":true,"showParticleSystems":true,"showVisualEffectGraphs":true,"m_FxEnabled":true},"in2DMode":false,"pivot":{"x":-0.046508900821208957,"y":0.2087557315826416,"z":0.2328476905822754},"rotation":{"x":0.0021145332138985397,"y":0.9931360483169556,"z":-0.11553164571523667,"w":0.018177330493927003},"size":1.9597240686416627,"orthographic":false}